Shadow Phoenix,movie,,154,
Neon Rift,series,4,,
Echo Dream,tv show,,,19
Midnight Blaze,movie,,133,
Sky Drift,series,3,,
Urban Eclipse,tv show,,,14
Crystal Harmony,movie,,167,
Binary Titan,series,2,,
Legend Mirage,tv show,,,21
Moon Aether,movie,,148,
Phoenix Spectrum,series,1,,
Luminous Titan,tv show,,,25
Final Chrono,movie,,121,
Rift Starlight,series,2,,
Metro Mirage,tv show,,,18
Silent Nova,movie,,112,
Quantum Aurora,series,5,,
Chroma Eclipse,tv show,,,13
Solara Drift,movie,,144,
Blossom Harmony,series,4,,
Galactic Spectrum,tv show,,,27
Cyber Eclipse,movie,,135,
Starlight Inferno,series,3,,
Vortex Titan,tv show,,,15
Dream Sky,movie,,160,
Mystic Binary,series,6,,
Nova Mirage,tv show,,,18
Inferno Moon,movie,,142,
Eclipse Phoenix,series,2,,
Tempest Drift,tv show,,,20
Harmony Quantum,movie,,128,
Aether Nova,series,5,,
Cosmic Shadow,tv show,,,22
Drift Luminous,movie,,150,
Chrono Spectrum,series,2,,
Aurora Crystal,tv show,,,17
Mirage Phoenix,movie,,126,
Spectrum Titan,series,3,,
Titan Dream,tv show,,,24
Shadow Metro,movie,,113,
Neon Aurora,series,1,,
Echo Quantum,tv show,,,16
Midnight Spectrum,movie,,158,
Sky Harmony,series,4,,
Urban Titan,tv show,,,19
Crystal Blaze,movie,,134,
Binary Rift,series,3,,
Legend Quantum,tv show,,,21
Moon Drift,movie,,120,
Phoenix Mirage,series,6,,
Luminous Echo,tv show,,,23
Final Nova,movie,,159,
Rift Shadow,series,2,,
Metro Vortex,tv show,,,26
Silent Harmony,movie,,118,
Quantum Tempest,series,5,,
Chroma Aether,tv show,,,12
Solara Phoenix,movie,,147,
Blossom Drift,series,4,,
Galactic Harmony,tv show,,,22
Cyber Shadow,movie,,138,
Starlight Spectrum,series,1,,
Vortex Dream,tv show,,,16
Dream Phoenix,movie,,140,
Mystic Spectrum,series,2,,
Nova Titan,tv show,,,25
Inferno Aether,movie,,155,
Eclipse Drift,series,3,,
Tempest Shadow,tv show,,,19
Harmony Blaze,movie,,110,
Aether Metro,series,6,,
Cosmic Mirage,tv show,,,18
Drift Crystal,movie,,145,
Chrono Titan,series,5,,
Aurora Dream,tv show,,,20
Mirage Shadow,movie,,124,
Spectrum Nova,series,4,,
Titan Harmony,tv show,,,27
Shadow Drift,movie,,149,
Neon Titan,series,3,,
Echo Mirage,tv show,,,17
Midnight Spectrum,movie,,130,
Sky Quantum,series,2,,
Urban Dream,tv show,,,23
Crystal Aether,movie,,136,
Binary Harmony,series,1,,
Legend Shadow,tv show,,,15
Moon Metro,movie,,143,
Phoenix Drift,series,5,,
Luminous Mirage,tv show,,,26
Final Spectrum,movie,,157,
Rift Harmony,series,2,,
Metro Dream,tv show,,,14
Silent Quantum,movie,,127,
Quantum Phoenix,series,6,,
Chroma Mirage,tv show,,,21
Solara Shadow,movie,,150,
Blossom Spectrum,series,3,,
Galactic Drift,tv show,,,19
Cyber Nova,movie,,141,
Starlight Horizon,series,4,,
Vortex Eclipse,tv show,,,20
